{"cameraMode":{"drawMode":0,"name":"Shaded","section":"Shading Mode"},"sceneLighting":true,"audioPlay":false,"sceneViewState":{"showFog":true,"showMaterialUpdate":false,"showSkybox":true,"showFlares":true,"showImageEffects":true,"showParticleSystems":true},"in2DMode":false,"pivot":{"x":-0.6512056589126587,"y":24.121797561645509,"z":-28.909141540527345},"rotation":{"x":-0.08420318365097046,"y":0.012552094645798207,"z":-0.0010606213472783566,"w":-0.9963700771331787},"size":27.720109939575197,"orthographic":false}