{"cameraMode":{"drawMode":0,"name":"Shaded","section":"Shading Mode"},"sceneLighting":true,"audioPlay":false,"sceneViewState":{"showFog":true,"showMaterialUpdate":false,"showSkybox":true,"showFlares":true,"showImageEffects":true,"showParticleSystems":true},"in2DMode":false,"pivot":{"x":9.021936416625977,"y":-1.5121636390686036,"z":5.105527877807617},"rotation":{"x":-0.567240834236145,"y":-0.01803446002304554,"z":0.012426982633769513,"w":-0.823275089263916},"size":8.571588516235352,"orthographic":false}