{"cameraMode":{"drawMode":0,"name":"Shaded","section":"Shading Mode"},"sceneLighting":false,"audioPlay":false,"sceneViewState":{"showFog":true,"showMaterialUpdate":false,"showSkybox":false,"showFlares":true,"showImageEffects":true,"showParticleSystems":true},"in2DMode":false,"pivot":{"x":-1.2700672149658204,"y":0.367919921875,"z":2.34771728515625},"rotation":{"x":0.6451465487480164,"y":-0.016041604802012445,"z":0.013549788855016232,"w":0.7637749910354614},"size":1.740602731704712,"orthographic":true}