{"cameraMode":{"drawMode":0,"name":"Shaded","section":"Shading Mode"},"sceneLighting":true,"audioPlay":false,"sceneViewState":{"showFog":true,"showMaterialUpdate":false,"showSkybox":true,"showFlares":true,"showImageEffects":true,"showParticleSystems":true},"in2DMode":false,"pivot":{"x":0.2460479736328125,"y":-0.6640625,"z":4.99072265625},"rotation":{"x":0.6441159844398499,"y":0.006884275935590267,"z":-0.005797253455966711,"w":0.764879047870636},"size":18.64887809753418,"orthographic":true}